rain;Reddit;in 1915, scam artist Charles Hatfield convinced the town of San Diego that he could create rainfall using a secret mix of chemicals. The city offered to pay him $10,000 if he could end their drought, and the 'result,' a few days later, was the town's worst flood of the 20th century.
san diego;Reddit;in 1915, scam artist Charles Hatfield convinced the town of San Diego that he could create rainfall using a secret mix of chemicals. The city offered to pay him $10,000 if he could end their drought, and the 'result,' a few days later, was the town's worst flood of the 20th century.
drought;Reddit;in 1915, scam artist Charles Hatfield convinced the town of San Diego that he could create rainfall using a secret mix of chemicals. The city offered to pay him $10,000 if he could end their drought, and the 'result,' a few days later, was the town's worst flood of the 20th century.
scam;Reddit;in 1915, scam artist Charles Hatfield convinced the town of San Diego that he could create rainfall using a secret mix of chemicals. The city offered to pay him $10,000 if he could end their drought, and the 'result,' a few days later, was the town's worst flood of the 20th century.
flood;Reddit;in 1915, scam artist Charles Hatfield convinced the town of San Diego that he could create rainfall using a secret mix of chemicals. The city offered to pay him $10,000 if he could end their drought, and the 'result,' a few days later, was the town's worst flood of the 20th century.
finland;Reddit;there are about two million saunas in Finland, enough for the entire finnish population to take a sauna at the same time
sauna;Reddit;there are about two million saunas in Finland, enough for the entire finnish population to take a sauna at the same time
dog;Reddit;dogs can be trained in sign language
sign language;Reddit;dogs can be trained in sign language
sport;Reddit;modern sports betting originated in 19th century competitive walking, called pedestrianism. Pedestrianism started when English aristocracy would match their servants against each other in walking contests and bet heavily on the outcome.
walking;Reddit;modern sports betting originated in 19th century competitive walking, called pedestrianism. Pedestrianism started when English aristocracy would match their servants against each other in walking contests and bet heavily on the outcome.
betting;Reddit;modern sports betting originated in 19th century competitive walking, called pedestrianism. Pedestrianism started when English aristocracy would match their servants against each other in walking contests and bet heavily on the outcome.
aristocracy;Reddit;modern sports betting originated in 19th century competitive walking, called pedestrianism. Pedestrianism started when English aristocracy would match their servants against each other in walking contests and bet heavily on the outcome.
servants;Reddit;modern sports betting originated in 19th century competitive walking, called pedestrianism. Pedestrianism started when English aristocracy would match their servants against each other in walking contests and bet heavily on the outcome.
traffic jam;Reddit;a traffic jam in China lasted lasted for more than 10 days, 100 kilometers long, with cars moving less that a kilometer a day.
china;Reddit;a traffic jam in China lasted lasted for more than 10 days, 100 kilometers long, with cars moving less that a kilometer a day.
rain;Reddit;you get twice as wet running in the rain vs walking.
walking;Reddit;you get twice as wet running in the rain vs walking.
running;Reddit;you get twice as wet running in the rain vs walking.
romans;Reddit;Romans used to crush 4 million mollusk shells to create one pound of purple pigment. This is why the color Purple is associated with Royalty as only the Kings could afford that color
purple;Reddit;Romans used to crush 4 million mollusk shells to create one pound of purple pigment. This is why the color Purple is associated with Royalty as only the Kings could afford that color
shells;Reddit;Romans used to crush 4 million mollusk shells to create one pound of purple pigment. This is why the color Purple is associated with Royalty as only the Kings could afford that color
royalty;Reddit;Romans used to crush 4 million mollusk shells to create one pound of purple pigment. This is why the color Purple is associated with Royalty as only the Kings could afford that color
kings;Reddit;Romans used to crush 4 million mollusk shells to create one pound of purple pigment. This is why the color Purple is associated with Royalty as only the Kings could afford that color
duck face;Reddit;a 2015 study found that people posting duck face pictures are more likely to be associated with neuroticism and emotional instability.
pictures;Reddit;a 2015 study found that people posting duck face pictures are more likely to be associated with neuroticism and emotional instability.
neuroticism;Reddit;a 2015 study found that people posting duck face pictures are more likely to be associated with neuroticism and emotional instability.
emotional instability;Reddit;a 2015 study found that people posting duck face pictures are more likely to be associated with neuroticism and emotional instability.