aristocracy;Reddit;modern sports betting originated in 19th century competitive walking, called pedestrianism. Pedestrianism started when English aristocracy would match their servants against each other in walking contests and bet heavily on the outcome.
betting;Reddit;modern sports betting originated in 19th century competitive walking, called pedestrianism. Pedestrianism started when English aristocracy would match their servants against each other in walking contests and bet heavily on the outcome.
bill gates;Reddit;Bill Gates has donated 28 billion dollars since 2007 and saved at least 6 million lives.
china;Reddit;a traffic jam in China lasted lasted for more than 10 days, 100 kilometers long, with cars moving less that a kilometer a day.
dancer;Reddit;Mark Twain had an almost fatal heart attack in 1898 after watching a belly dancer's routine.
darth vader;Reddit;during decommunization, a statue of Lenin in Ukraine was changed to Darth Vader.
dog;Reddit;dogs can be trained in sign language
drought;Reddit;in 1915, scam artist Charles Hatfield convinced the town of San Diego that he could create rainfall using a secret mix of chemicals. The city offered to pay him $10,000 if he could end their drought, and the 'result,' a few days later, was the town's worst flood of the 20th century.
duck face;Reddit;a 2015 study found that people posting duck face pictures are more likely to be associated with neuroticism and emotional instability.
egypt;Reddit;the Ancient Egyptians had a calendar of 12 months, each 30 days long, with 5 days of festivities at the end of the year to add up to 365.
emotional instability;Reddit;a 2015 study found that people posting duck face pictures are more likely to be associated with neuroticism and emotional instability.
email;didyouknow;97 percent of all emails sent worldwide are spam.
eskimo;didyouknow;Eskimos use refrigerators to prevent food from freezing.
finland;Reddit;there are about two million saunas in Finland, enough for the entire finnish population to take a sauna at the same time
flood;Reddit;in 1915, scam artist Charles Hatfield convinced the town of San Diego that he could create rainfall using a secret mix of chemicals. The city offered to pay him $10,000 if he could end their drought, and the 'result,' a few days later, was the town's worst flood of the 20th century.
football;Reddit;the Cuban missile crisis started when the United States noticed Cubans building football fields, because they knew Cubans preferred baseball over football. The fields were built for Soviet military camps in Cuba.
kings;Reddit;Romans used to crush 4 million mollusk shells to create one pound of purple pigment. This is why the color Purple is associated with Royalty as only the Kings could afford that color
neuroticism;Reddit;a 2015 study found that people posting duck face pictures are more likely to be associated with neuroticism and emotional instability.
pictures;Reddit;a 2015 study found that people posting duck face pictures are more likely to be associated with neuroticism and emotional instability.
purple;Reddit;Romans used to crush 4 million mollusk shells to create one pound of purple pigment. This is why the color Purple is associated with Royalty as only the Kings could afford that color
rain;Reddit;in 1915, scam artist Charles Hatfield convinced the town of San Diego that he could create rainfall using a secret mix of chemicals. The city offered to pay him $10,000 if he could end their drought, and the 'result,' a few days later, was the town's worst flood of the 20th century.
rain;Reddit;you get twice as wet running in the rain vs walking.
romans;Reddit;Romans used to crush 4 million mollusk shells to create one pound of purple pigment. This is why the color Purple is associated with Royalty as only the Kings could afford that color
rome;didyouknow;there is a city called Rome on every continent.
royalty;Reddit;Romans used to crush 4 million mollusk shells to create one pound of purple pigment. This is why the color Purple is associated with Royalty as only the Kings could afford that color
running;Reddit;you get twice as wet running in the rain vs walking.
san diego;Reddit;in 1915, scam artist Charles Hatfield convinced the town of San Diego that he could create rainfall using a secret mix of chemicals. The city offered to pay him $10,000 if he could end their drought, and the 'result,' a few days later, was the town's worst flood of the 20th century.
sauna;Reddit;there are about two million saunas in Finland, enough for the entire finnish population to take a sauna at the same time
scam;Reddit;in 1915, scam artist Charles Hatfield convinced the town of San Diego that he could create rainfall using a secret mix of chemicals. The city offered to pay him $10,000 if he could end their drought, and the 'result,' a few days later, was the town's worst flood of the 20th century.
servants;Reddit;modern sports betting originated in 19th century competitive walking, called pedestrianism. Pedestrianism started when English aristocracy would match their servants against each other in walking contests and bet heavily on the outcome.
shells;Reddit;Romans used to crush 4 million mollusk shells to create one pound of purple pigment. This is why the color Purple is associated with Royalty as only the Kings could afford that color
sign language;Reddit;dogs can be trained in sign language
singing;Reddit;the sand dunes in the Sahara desert are known to have a phenomena known as "singing sand" - when conditions are right, the sand moving on dunes can make a humming sound.
soviet;Reddit;the Cuban missile crisis started when the United States noticed Cubans building football fields, because they knew Cubans preferred baseball over football. The fields were built for Soviet military camps in Cuba.
sport;Reddit;modern sports betting originated in 19th century competitive walking, called pedestrianism. Pedestrianism started when English aristocracy would match their servants against each other in walking contests and bet heavily on the outcome.
taylor swift;Reddit;in 2012 when Taylor Swift held a public vote for where she would visit and preform a free concert, 4chan users voted for a childrens school for the deaf and won the vote.
ukraine;Reddit;during decommunization, a statue of Lenin in Ukraine was changed to Darth Vader.
traffic jam;Reddit;a traffic jam in China lasted lasted for more than 10 days, 100 kilometers long, with cars moving less that a kilometer a day.
walking;Reddit;modern sports betting originated in 19th century competitive walking, called pedestrianism. Pedestrianism started when English aristocracy would match their servants against each other in walking contests and bet heavily on the outcome.
walking;Reddit;you get twice as wet running in the rain vs walking.
wolfsburg;Reddit;from 1998 to 2003, the coach of the VfL Wolfsburg football team was named Wolfgang Wolf.
youtube;Reddit;around 62 percent of the 1000 most viewed YouTube videos are blocked in Germany.